year,amount_requested_Culture,amount_requested_Sport,amount_granted_Culture,amount_granted_Sport,amount_given_Culture,amount_given_Sport,nr_one_off_Culture,nr_one_off_Sport,nr_periodic_Culture,nr_periodic_Sport,nr_subsidies_Culture,nr_subsidies_Sport,amount_requested_Total,amount_granted_Total,amount_given_Total,nr_subsidies_Total,startups_in_sport_culture,employers_sports_culture,pct_employers_sports_cultures,employees_sports_culture,pct_employees_sports_culture
2016,3314060.6700000004,3007982.24,2082725.84,2744956.71,2078632.28,2675571.4099999997,127.0,48.0,22.0,20.0,149.0,68.0,6322042.91,4827682.55,4754203.6899999995,217.0,1178.0,14590,0.1328610195421349,25443,0.04989371381955666
2017,80231568.40999998,2651958.81,78702906.58999999,1844397.5000000002,77784362.58999999,1542359.5000000002,208.0,31.0,66.0,14.0,274.0,45.0,82883527.21999998,80547304.08999999,79326722.08999999,319.0,1188.0,14957,0.13108446828276454,25949,0.04924021040327294
2018,81085866.57,2961184.5199999996,78660651.22,2391249.07,77765617.52,1635196.3499999996,214.0,46.0,61.0,0.0,275.0,46.0,84047051.08999999,81051900.28999999,79400813.86999999,321.0,1129.0,15517,0.1290781439765751,26820,0.049186821893087436
2019,81679800.64999999,3629040.94,80455808.8,2194447.34,2868955.36,823125.8099999999,185.0,29.0,27.0,0.0,212.0,29.0,85308841.58999999,82650256.14,3692081.17,241.0,1116.0,15514,0.12797479109439316,26939,0.04834596464906598
2020,92836634.08999999,552204.69,90353610.81,410738.07,410045.20999999996,3066.3,99.0,1.0,1.0,0.0,100.0,1.0,93388838.77999999,90764348.88,413111.50999999995,101.0,,16286,0.12478354812510535,27672,0.04735947643065085
