year,amount_requested_Culture,amount_requested_Sport,amount_granted_Culture,amount_granted_Sport,amount_given_Culture,amount_given_Sport,amount_requested_Total,amount_granted_Total,amount_given_Total,startups_in_sport_culture,employers_sports_culture,employees_sports_culture
2016,3314060.6700000004,3007982.24,2082725.84,2744956.71,2078632.28,2675571.4099999997,6322042.91,4827682.55,4754203.6899999995,1178.0,14590,25443
2017,80231568.40999998,2651958.81,78702906.58999999,1844397.5000000002,77784362.58999999,1542359.5000000002,82883527.21999998,80547304.08999999,79326722.08999999,1188.0,14957,25949
2018,81085866.57,2961184.5199999996,78660651.22,2391249.07,77765617.52,1635196.3499999996,84047051.08999999,81051900.28999999,79400813.86999999,1129.0,15517,26820
2019,81679800.64999999,3629040.94,80455808.8,2194447.34,2868955.36,823125.8099999999,85308841.58999999,82650256.14,3692081.17,1116.0,15514,26939
2020,92836634.08999999,552204.69,90353610.81,410738.07,410045.20999999996,3066.3,93388838.77999999,90764348.88,413111.50999999995,,16286,27672
